[{"isbn":"574631174-X","author":"Sanson Firminger","genre":"Drama|Romance","title":"Once Upon a Time... When We Were Colored","yearofpub":2000},
{"isbn":"042660633-7","author":"Yanaton Kesterton","genre":"Comedy|Romance","title":"Prince & Me II: The Royal Wedding, The","yearofpub":2008},
{"isbn":"489951910-9","author":"Sile Tallis","genre":"Action|Adventure|Sci-Fi","title":"Transmorphers","yearofpub":2002},
{"isbn":"801195337-0","author":"Mariele Brobeck","genre":"Comedy|Romance","title":"Christmas in Connecticut","yearofpub":1995},
{"isbn":"737530401-7","author":"Cullie Fludder","genre":"Drama|Musical","title":"Copying Beethoven","yearofpub":2006},
{"isbn":"182189826-5","author":"Herve Escritt","genre":"Adventure|Animation|Children|Comedy|Fantasy","title":"Turbo","yearofpub":1989},
{"isbn":"374010616-6","author":"Arlan Clint","genre":"Comedy|Drama|Romance","title":"State Fair","yearofpub":2008},
{"isbn":"618593120-6","author":"Prent Zottoli","genre":"Drama|Romance|War","title":"Becky Sharp","yearofpub":2003},
{"isbn":"599306063-8","author":"Bonnie Belliveau","genre":"Drama|Horror","title":"Shout, The","yearofpub":1960},
{"isbn":"448479454-3","author":"Yard Chippindall","genre":"Comedy","title":"Bright Lights","yearofpub":2010},
{"isbn":"430230130-9","author":"Lyn Osipov","genre":"Comedy","title":"Wheelmen","yearofpub":1997},
{"isbn":"703281500-6","author":"Duane Sproule","genre":"Documentary|Drama|War","title":"Culloden (The Battle of Culloden)","yearofpub":2003},
{"isbn":"143741513-X","author":"Dionysus Paskins","genre":"Documentary","title":"Day the Universe Changed, The","yearofpub":2008},
{"isbn":"723701632-6","author":"Guglielmo Donett","genre":"Adventure|Crime|Drama|Romance|Thriller","title":"Raffles","yearofpub":1996},
{"isbn":"550805336-0","author":"Harbert Godehard.sf","genre":"Drama","title":"Berlin Is in Germany","yearofpub":2005},
{"isbn":"901227147-9","author":"Umberto Matzen","genre":"Comedy","title":"Little Voice","yearofpub":1987},
{"isbn":"273023770-4","author":"Jeni Kadar","genre":"Drama|Film-Noir|Thriller","title":"Brute Force","yearofpub":1988},
{"isbn":"430115040-4","author":"Velma Hazel","genre":"Comedy|Drama|Romance","title":"Moonrise Kingdom","yearofpub":2001},
{"isbn":"404697192-4","author":"Evy Jeenes","genre":"Comedy","title":"Girl Can't Help It, The","yearofpub":2007},
{"isbn":"591744740-3","author":"Robby Teesdale","genre":"Action|Comedy","title":"My Lucky Stars (Fuk sing go jiu)","yearofpub":2005},
{"isbn":"391219408-4","author":"Marysa Kenney","genre":"Adventure|Comedy|Fantasy","title":"Dogma","yearofpub":2005},
{"isbn":"139704565-5","author":"Jeromy Sextie","genre":"Comedy|Romance","title":"Maiden's Cheek (To xylo vgike apo ton Paradeiso)","yearofpub":2010},
{"isbn":"406645491-7","author":"Luelle Mayow","genre":"Comedy|Crime","title":"Ax, The (couperet, Le)","yearofpub":2011},
{"isbn":"027834861-0","author":"Mariam Gayter","genre":"Documentary","title":"Who the #$&% is Jackson Pollock?","yearofpub":2001},
{"isbn":"838800501-4","author":"Yank Dungay","genre":"Comedy|Drama|Romance","title":"Limelight","yearofpub":2012},
{"isbn":"313498468-7","author":"Sibel Wison","genre":"Sci-Fi|Thriller","title":"Futureworld","yearofpub":2010},
{"isbn":"146348837-8","author":"Martina Dominy","genre":"Drama|Romance","title":"Intermezzo","yearofpub":1968},
{"isbn":"826367008-X","author":"Shannan Wurz","genre":"Adventure|Children|Sci-Fi","title":"D.A.R.Y.L.","yearofpub":1992},
{"isbn":"582789368-4","author":"Laurella Parton","genre":"Drama","title":"Ariel","yearofpub":2008},
{"isbn":"651650578-0","author":"Zarla Mesias","genre":"Drama","title":"Back Street","yearofpub":2011},
{"isbn":"123286278-9","author":"Edgardo Gebhard","genre":"Action|Drama","title":"Backdraft","yearofpub":1993},
{"isbn":"866242699-9","author":"Foss Masham","genre":"Drama|Horror|War","title":"Combat Shock","yearofpub":2008},
{"isbn":"650421965-6","author":"Austina Moult","genre":"Drama","title":"David and Lisa","yearofpub":2010},
{"isbn":"159080189-X","author":"Rolf Dine-Hart","genre":"Drama","title":"Since Otar Left (Depuis qu'Otar est parti...)","yearofpub":1990},
{"isbn":"939019835-6","author":"Zorah Faveryear","genre":"Animation|Children","title":"Adventures of Ichabod and Mr. Toad, The","yearofpub":2002},
{"isbn":"172708334-2","author":"Shurwood Isaksson","genre":"Action|Animation|Fantasy|IMAX","title":"Dragon Ball Z: Battle of Gods","yearofpub":1998},
{"isbn":"283462506-9","author":"Poppy Gantlett","genre":"Drama|Sci-Fi","title":"Enigma","yearofpub":2002},
{"isbn":"163743006-X","author":"Forster Fretson","genre":"Drama|Romance","title":"Quiet Man, The","yearofpub":2008},
{"isbn":"328916003-3","author":"Corri Poon","genre":"Action|Adventure|Comedy|Crime","title":"Operación Cannabis","yearofpub":2012},
{"isbn":"791147059-6","author":"Thornton Ackrill","genre":"Adventure|Comedy|Drama","title":"Sisterhood of the Traveling Pants, The","yearofpub":1986},
{"isbn":"127762053-9","author":"Lezlie Nyssen","genre":"Fantasy","title":"Bluebeard (Barbe-Bleue)","yearofpub":1989},
{"isbn":"514954765-4","author":"Joanna Haswall","genre":"Comedy|Crime","title":"The Red Inn","yearofpub":1995},
{"isbn":"299192522-1","author":"Liliane Easman","genre":"Comedy","title":"Loaf and Camouflage","yearofpub":1996},
{"isbn":"541264029-X","author":"Chiquia Marcome","genre":"Crime|Horror|Mystery|Thriller","title":"1000 Eyes of Dr. Mabuse, The (Die 1000 Augen des Dr. Mabuse)","yearofpub":1992},
{"isbn":"561896949-1","author":"Ardenia Hullin","genre":"Comedy","title":"Xala","yearofpub":2011},
{"isbn":"184867709-X","author":"Cheri Markushkin","genre":"Horror|Romance|Thriller","title":"Parasomnia","yearofpub":1992},
{"isbn":"080695295-4","author":"Veradis Jahn","genre":"Action|Animation|Sci-Fi","title":"Redline","yearofpub":2008},
{"isbn":"404543131-4","author":"Luis Tassell","genre":"Children|Musical|Sci-Fi","title":"Little Prince, The","yearofpub":2008},
{"isbn":"889096684-X","author":"Nobie Pittet","genre":"Action|Comedy|Horror|Sci-Fi|Thriller|Western","title":"Tremors 4: The Legend Begins","yearofpub":2007},
{"isbn":"841001102-6","author":"Theo Loachhead","genre":"Drama","title":"Sparrows","yearofpub":1988},
{"isbn":"735356230-7","author":"Guinevere Rowatt","genre":"Crime|Drama|Mystery|Thriller","title":"Irreversible (Irréversible)","yearofpub":2002},
{"isbn":"695667016-X","author":"Gaylene Lockier","genre":"Drama","title":"Street Angel","yearofpub":2007},
{"isbn":"569907294-2","author":"Sallie Cohane","genre":"Crime|Drama|Mystery","title":"Harper","yearofpub":1993},
{"isbn":"189662294-1","author":"Shepherd Brabon","genre":"Comedy|Sci-Fi","title":"Suburban Commando","yearofpub":1989},
{"isbn":"772054041-7","author":"Lanna Blunsden","genre":"Drama|Romance","title":"Rachel Getting Married","yearofpub":2011},
{"isbn":"470698154-9","author":"Clementina O'Dennehy","genre":"Drama|Romance","title":"Wedding March, The","yearofpub":2004},
{"isbn":"902575777-4","author":"Lorrie Colyer","genre":"Crime|Horror|Mystery","title":"Last Will of Dr. Mabuse, The (Testament du Dr. Mabuse, Le)","yearofpub":1998},
{"isbn":"090594082-2","author":"Nathanael Dahler","genre":"Drama|Musical|Romance","title":"Goodbye, Mr. Chips","yearofpub":1991},
{"isbn":"717132046-4","author":"Micheal Lequeux","genre":"Drama","title":"Utamaro and His Five Women (Utamaro o meguru gonin no onna)","yearofpub":2002},
{"isbn":"949011981-4","author":"Lexine Glisane","genre":"Action|Comedy","title":"Kung Fu Hustle (Gong fu)","yearofpub":1996},
{"isbn":"563292411-4","author":"Jacquetta Sterling","genre":"Drama","title":"Forgiveness of Blood, The (Falja e gjakut)","yearofpub":1993},
{"isbn":"502023880-5","author":"Lianne Springell","genre":"Comedy","title":"Animal, The","yearofpub":2003},
{"isbn":"534331162-8","author":"Danice Pauwel","genre":"Action|Comedy","title":"Double Take","yearofpub":1999},
{"isbn":"157432289-3","author":"Myrvyn Chamney","genre":"Comedy|Horror","title":"Girls Gone Dead","yearofpub":2012},
{"isbn":"634830823-5","author":"Calida Pohls","genre":"Drama|Mystery","title":"Castle, The (Das Schloß)","yearofpub":1989},
{"isbn":"542575931-2","author":"Pooh Belchamp","genre":"Drama|Mystery","title":"The Flower in His Mouth","yearofpub":2005},
{"isbn":"448655483-3","author":"Doreen Hayfield","genre":"Comedy|Drama","title":"Chuck & Buck","yearofpub":1981},
{"isbn":"888427758-2","author":"Sheila-kathryn Abela","genre":"Action|Horror","title":"Outpost","yearofpub":2001},
{"isbn":"018237347-9","author":"Nathan Matthesius","genre":"Comedy|Romance","title":"Along Came Polly","yearofpub":2010},
{"isbn":"344761192-8","author":"Terrijo Binnie","genre":"Drama|War","title":"A Bright Shining Lie","yearofpub":1998},
{"isbn":"288379857-5","author":"Carmon Claye","genre":"Comedy|Romance","title":"Other End of the Line, The","yearofpub":2009},
{"isbn":"380405439-0","author":"Ely Richemont","genre":"Comedy|Drama","title":"Clink of Ice, The (a.k.a.: Sound of Ice Cubes, The) (Le bruit des glaçons)","yearofpub":1995},
{"isbn":"423294635-7","author":"Maritsa Line","genre":"Comedy","title":"Brighton Beach Memoirs","yearofpub":2012},
{"isbn":"235281462-6","author":"Kristal Grise","genre":"Action|Romance","title":"Wind","yearofpub":2005},
{"isbn":"253131585-3","author":"Fidelity Beglin","genre":"Crime|Drama|Thriller","title":"Suspect","yearofpub":2003},
{"isbn":"955398130-5","author":"Clarice Gebhard","genre":"Action|Comedy|Fantasy","title":"Jungle de Ikou (Jungre de Ikou)","yearofpub":1998},
{"isbn":"762622110-9","author":"Jobye Sadler","genre":"(no genres listed)","title":"El Escarabajo de Oro","yearofpub":2008},
{"isbn":"915039629-3","author":"Ruthanne Ecob","genre":"Comedy|Drama","title":"Two Can Play That Game","yearofpub":2000},
{"isbn":"542051790-6","author":"Davy Hancell","genre":"Comedy|Drama","title":"Last Kiss, The","yearofpub":1992},
{"isbn":"551740897-4","author":"Garrett MacKenney","genre":"Crime|Documentary|Drama|War","title":"Invisible War, The","yearofpub":1997},
{"isbn":"184003819-5","author":"Halimeda Raikes","genre":"Comedy|Musical|Romance","title":"Grease 2","yearofpub":2010},
{"isbn":"525891719-3","author":"Avivah Bareford","genre":"Drama","title":"Our Children (À perdre la raison)","yearofpub":2010},
{"isbn":"264441083-5","author":"Rowena Genn","genre":"Thriller","title":"Lesson of the Evil (Aku no kyôten)","yearofpub":2008},
{"isbn":"037426020-6","author":"Kate Dagon","genre":"Action|Crime|Drama","title":"Faster Pussycat! Kill! Kill!","yearofpub":1983},
{"isbn":"781414800-6","author":"Ricki Zimmermanns","genre":"Action|Comedy|Fantasy","title":"Woochi: The Demon Slayer","yearofpub":2006},
{"isbn":"443410666-X","author":"Pearline Stenson","genre":"Drama","title":"Sling Blade","yearofpub":2007},
{"isbn":"437081960-1","author":"Omero Trevorrow","genre":"Comedy|Crime|Drama","title":"Exodus (Cheut ai kup gei)","yearofpub":2000},
{"isbn":"369403580-X","author":"Rolando Bloomfield","genre":"Comedy","title":"Champion, The","yearofpub":1987},
{"isbn":"291374219-X","author":"Kaela Eastment","genre":"Crime|Drama","title":"Jesse Stone: Sea Change","yearofpub":1996},
{"isbn":"414262302-8","author":"Codi Edger","genre":"Comedy|Drama|Musical","title":"It's Always Fair Weather","yearofpub":2003},
{"isbn":"732781557-0","author":"Artus Le Sarr","genre":"Comedy|Mystery","title":"Lady of Burlesque","yearofpub":1997},
{"isbn":"348805942-1","author":"Martyn Stolle","genre":"Comedy","title":"Stooge, The","yearofpub":2003},
{"isbn":"244844373-4","author":"Katrina Hogbourne","genre":"Action|Horror|Sci-Fi","title":"Zombie Apocalypse","yearofpub":1994},
{"isbn":"183589025-3","author":"Lillian Huckstepp","genre":"Action|Adventure|Thriller","title":"President's Man, The","yearofpub":2004},
{"isbn":"688933265-2","author":"Kilian Lanphier","genre":"Drama|Film-Noir|Mystery|Romance","title":"Gilda","yearofpub":2009},
{"isbn":"129624320-6","author":"Kaylee Farfolomeev","genre":"Comedy|Romance","title":"Millionaire for Christy, A (Golden Goose) (No Room for the Groom)","yearofpub":2010},
{"isbn":"022203617-6","author":"Ware Tremouille","genre":"Children|Comedy|Crime","title":"Never a Dull Moment","yearofpub":2004},
{"isbn":"537429580-2","author":"Marlow De L'Isle","genre":"Drama|Romance|Thriller","title":"Cracks","yearofpub":1997},
{"isbn":"073507080-6","author":"Delmar Daleman","genre":"Comedy|Drama","title":"Target Shoots First, The","yearofpub":1988},
{"isbn":"543267624-9","author":"Cynthie Ettles","genre":"War","title":"Murphy's War","yearofpub":1988},
{"isbn":"110464027-9","author":"Sabina Allright","genre":"Comedy","title":"Sibling Rivalry","yearofpub":1994},
{"isbn":"781549798-5","author":"Elfrida Bradbrook","genre":"Drama","title":"Final Cut","yearofpub":2000},
{"isbn":"162756724-0","author":"Minta Windsor","genre":"Action|Adventure|Fantasy|Sci-Fi","title":"Wolverine, The","yearofpub":1994},
{"isbn":"104727202-4","author":"Joye Kops","genre":"Crime|Drama|Horror|Thriller","title":"Sweeney Todd","yearofpub":1999},
{"isbn":"530983456-7","author":"Sari Amyes","genre":"Drama|Horror|Mystery|Thriller","title":"Thr3e (Three)","yearofpub":1996},
{"isbn":"347284566-X","author":"Vincenz Golly","genre":"Crime|Drama|Film-Noir|Thriller","title":"Miller's Crossing","yearofpub":1994},
{"isbn":"793892212-9","author":"Rainer Wollers","genre":"Comedy|Sci-Fi|Thriller","title":"Ambushers, The","yearofpub":1999},
{"isbn":"818078612-9","author":"Andrea Burlay","genre":"Drama","title":"Falling Angels","yearofpub":2009},
{"isbn":"477829162-X","author":"Marylou Humbles","genre":"Horror|Sci-Fi|Thriller","title":"Patrick","yearofpub":1998},
{"isbn":"097358053-4","author":"Jeannette Gaiford","genre":"Action|Thriller","title":"Haywire","yearofpub":2011},
{"isbn":"832928284-8","author":"Alecia Buntin","genre":"Crime|Horror|Mystery","title":"Phantom of the Rue Morgue","yearofpub":2012},
{"isbn":"668862282-3","author":"Trip Marcroft","genre":"Action|Drama|Thriller","title":"Lone Wolf and Cub: Baby Cart in the Land of Demons (Kozure Ôkami: Meifumadô)","yearofpub":2002},
{"isbn":"042516436-5","author":"Annie Gasnoll","genre":"Drama","title":"Ariel","yearofpub":2006},
{"isbn":"010057328-2","author":"Kandace Sandbatch","genre":"Drama|Sci-Fi","title":"Gladiators, The (Gladiatorerna)","yearofpub":2002},
{"isbn":"088649568-7","author":"Kiele Labuschagne","genre":"Documentary","title":"Lenny Bruce: Swear to Tell the Truth","yearofpub":1986},
{"isbn":"340931847-X","author":"Sherill Moggach","genre":"Comedy|Drama|Romance","title":"Matriarch, The (Lieksa!)","yearofpub":1986},
{"isbn":"862468374-2","author":"Felicia Patmore","genre":"Mystery|Thriller","title":"Jennifer 8","yearofpub":1996},
{"isbn":"959686809-8","author":"Patrica Morrall","genre":"Action|Horror|Mystery","title":"Race with the Devil","yearofpub":2003},
{"isbn":"875372892-0","author":"Jimmy Pinyon","genre":"Children|Comedy","title":"Ramona and Beezus","yearofpub":2002},
{"isbn":"450606732-0","author":"Eolanda Ronca","genre":"Action|Comedy|Drama","title":"Kill! (Kiru)","yearofpub":1990},
{"isbn":"771274767-9","author":"Wakefield Metrick","genre":"Drama","title":"Fifty Shades of Grey","yearofpub":2000},
{"isbn":"065607733-6","author":"Brigham Woehler","genre":"Action|Drama|Romance","title":"Princess of Montpensier, The (La princesse de Montpensier)","yearofpub":2004},
{"isbn":"332590357-6","author":"Jude Seakes","genre":"Drama","title":"Silent Souls (Ovsyanki)","yearofpub":1996},
{"isbn":"411631658-X","author":"Ferris McPeck","genre":"Drama|Thriller","title":"Intended, The","yearofpub":2005},
{"isbn":"261436006-6","author":"Ellissa Drover","genre":"Drama","title":"La nación clandestina","yearofpub":2003},
{"isbn":"700680092-7","author":"Kennith Cayette","genre":"Comedy","title":"All's Faire in Love","yearofpub":1989},
{"isbn":"106444111-4","author":"Brittni Kelwick","genre":"Comedy|Drama|Romance","title":"Love Is All You Need (Den skaldede frisør)","yearofpub":1975},
{"isbn":"119001924-8","author":"Carolan McLice","genre":"Adventure|Fantasy|Musical|Romance","title":"Tales of Hoffmann, The","yearofpub":2003},
{"isbn":"214292946-X","author":"Bourke Wills","genre":"Drama","title":"Long Day Closes, The","yearofpub":1991},
{"isbn":"778060195-1","author":"Maude Hassin","genre":"Drama|Thriller","title":"The Pentagon Papers","yearofpub":2012},
{"isbn":"940015240-X","author":"Teddie Bertelet","genre":"Comedy|Drama|Romance","title":"César","yearofpub":2009},
{"isbn":"823306323-1","author":"Ariella Peet","genre":"Drama","title":"Little Fugitive","yearofpub":1997},
{"isbn":"769202376-X","author":"Donall Alishoner","genre":"Adventure|Drama|Sci-Fi","title":"Until the End of the World (Bis ans Ende der Welt)","yearofpub":2006},
{"isbn":"916104373-7","author":"Quintus Goodson","genre":"Horror|Thriller","title":"Chasing Sleep","yearofpub":1997},
{"isbn":"697555610-5","author":"Silvanus Rowlstone","genre":"Documentary","title":"Culture High, The","yearofpub":2004},
{"isbn":"011344296-3","author":"Giffer Matkin","genre":"Animation|Children|Sci-Fi","title":"The Land Before Time XII: The Great Day of the Flyers","yearofpub":2003},
{"isbn":"986819007-X","author":"Blythe Aindrais","genre":"Crime|Drama|Thriller","title":"Triad Election (Election 2) (Hak se wui yi wo wai kwai)","yearofpub":2008},
{"isbn":"355812915-6","author":"Mona Fotitt","genre":"Documentary","title":"Aspen","yearofpub":2007},
{"isbn":"325523100-0","author":"Ricca Larkings","genre":"Action|Crime","title":"Cobra","yearofpub":2009},
{"isbn":"614417548-2","author":"Gil Battelle","genre":"Drama|Romance","title":"Now Is Good","yearofpub":1998},
{"isbn":"854732922-6","author":"Derrik Mallinder","genre":"Comedy|Romance","title":"Elevator Girl","yearofpub":2010},
{"isbn":"725367646-7","author":"Allyn Brecon","genre":"Comedy|Romance","title":"Just Like Me (Igualita a Mi)","yearofpub":2003},
{"isbn":"033727213-1","author":"Blithe Solleme","genre":"Drama","title":"Ponette","yearofpub":2006},
{"isbn":"875992425-X","author":"Gerhard Adamec","genre":"Documentary","title":"Out Late ","yearofpub":1999},
{"isbn":"886732045-9","author":"Chiquita Morman","genre":"Drama","title":"Rated X","yearofpub":2007},
{"isbn":"166052697-3","author":"Abra Kneale","genre":"Action|Adventure|Animation|Fantasy","title":"Dragon Ball Z: Bojack Unbound (Doragon bôru Z 9: Ginga girigiri!! Butchigiri no sugoi yatsu)","yearofpub":2003},
{"isbn":"937011981-7","author":"Elfie Jahns","genre":"Comedy|Drama","title":"American Graffiti","yearofpub":2008},
{"isbn":"998917058-4","author":"Paddy Shoesmith","genre":"Animation|Comedy|Fantasy|Musical","title":"Allegro non troppo","yearofpub":1996},
{"isbn":"607460074-0","author":"Dorotea Gounard","genre":"Drama|Musical|Romance","title":"Great Freedom No. 7 (Port of Freedom) (Große Freiheit Nr. 7)","yearofpub":2004},
{"isbn":"339242462-5","author":"Jane Shepperd","genre":"Comedy|Drama","title":"Tromeo and Juliet","yearofpub":2012},
{"isbn":"823051341-4","author":"Gayelord Doers","genre":"Comedy|Romance","title":"With Six You Get Eggroll","yearofpub":2008},
{"isbn":"869972178-1","author":"Brena Messitt","genre":"Drama","title":"Stars Look Down, The","yearofpub":1985},
{"isbn":"612768441-2","author":"Herve Vearncomb","genre":"Drama","title":"Stray Dogs","yearofpub":2009},
{"isbn":"833046761-9","author":"Margarethe Askell","genre":"Action|Drama|Western","title":"Tombstone","yearofpub":2002},
{"isbn":"498467189-0","author":"Jaquith Gansbuhler","genre":"Action|Thriller","title":"Fist of the North Star","yearofpub":2006},
{"isbn":"023922224-5","author":"Olia Rathke","genre":"Drama","title":"Man of No Importance, A","yearofpub":2004},
{"isbn":"737646719-X","author":"Kara-lynn Portwain","genre":"Drama","title":"Ruby Gentry","yearofpub":2007},
{"isbn":"119786517-9","author":"Barnaby Ewbach","genre":"Documentary","title":"Fighting Spirit, The","yearofpub":1986},
{"isbn":"383533185-X","author":"Clareta Atterbury","genre":"Adventure|Animation|Children|Comedy","title":"Little Brother, Big Trouble: A Christmas Adventure (Niko 2: Lentäjäveljekset)","yearofpub":2007},
{"isbn":"559304380-9","author":"Amil Ruppertz","genre":"Film-Noir|Mystery","title":"Kiss Before Dying, A","yearofpub":2009},
{"isbn":"804414929-5","author":"Nora Abramski","genre":"Comedy|Horror","title":"I Was a Teenage Zombie","yearofpub":1993},
{"isbn":"372435463-0","author":"Lilith Hammand","genre":"Action|Romance|War","title":"Verboten!","yearofpub":2004},
{"isbn":"388147111-1","author":"Eddy Sylvaine","genre":"Drama|Romance","title":"Indochine","yearofpub":1995},
{"isbn":"164955613-6","author":"Cacilie Pardey","genre":"Drama","title":"Hide in Plain Sight","yearofpub":2004},
{"isbn":"505721764-X","author":"Herold Ellins","genre":"Drama","title":"One Potato, Two Potato","yearofpub":1984},
{"isbn":"962770514-4","author":"Mariana McGrotty","genre":"Drama","title":"Happiest Girl in the World, The (Cea mai fericita fata din lume)","yearofpub":2000},
{"isbn":"560872040-7","author":"Tanny Pressey","genre":"Thriller","title":"Final: The Rapture","yearofpub":1999},
{"isbn":"812345726-X","author":"Cheri Krahl","genre":"Romance|Thriller","title":"Birdemic: Shock and Terror","yearofpub":2010},
{"isbn":"905015862-5","author":"Gabriell Cuckson","genre":"Comedy","title":"Alarmist, The (a.k.a. Life During Wartime)","yearofpub":1993},
{"isbn":"749026676-9","author":"Marcelo Noyce","genre":"Comedy|Romance","title":"Auntie from Chicago, The (I theia apo to Chicago)","yearofpub":2008},
{"isbn":"307260944-6","author":"Elvina Triggel","genre":"Fantasy","title":"Penda's Fen","yearofpub":2010},
{"isbn":"734069129-4","author":"Nedda Dorian","genre":"Comedy","title":"Lady for a Day","yearofpub":2012},
{"isbn":"238427003-6","author":"Hazlett Grove","genre":"Drama","title":"Student, The (El estudiante)","yearofpub":2012},
{"isbn":"909257998-X","author":"Kalinda Jacks","genre":"Crime|Drama|Mystery","title":"Murder in Greenwich","yearofpub":2006},
{"isbn":"496304671-7","author":"Teressa Stearndale","genre":"Comedy|Horror|Romance|Sci-Fi","title":"Killer Condom (Kondom des Grauens)","yearofpub":2007},
{"isbn":"462811630-X","author":"Rhianna Burnyeat","genre":"Action|Fantasy|Horror|Thriller","title":"Legion","yearofpub":2001},
{"isbn":"471253546-6","author":"Burt Ivashnyov","genre":"Comedy|Crime","title":"Great Diamond Robbery, The","yearofpub":1993},
{"isbn":"177114350-9","author":"Ramsay Decreuze","genre":"Drama|Western","title":"Jauja","yearofpub":1992},
{"isbn":"674794117-9","author":"Morton Slator","genre":"Comedy|Drama","title":"House of Yes, The","yearofpub":1991},
{"isbn":"942426264-7","author":"Lucila Lidgey","genre":"Drama|Romance","title":"Immigrant, The","yearofpub":2008},
{"isbn":"956875130-0","author":"Tuesday Mourant","genre":"Drama|Musical","title":"Rhapsody in Blue","yearofpub":2008},
{"isbn":"814774070-0","author":"Kerrill Wadsworth","genre":"Drama","title":"Omagh","yearofpub":1992},
{"isbn":"801616452-8","author":"Maia Perri","genre":"Action|Drama|War","title":"The Great Raid","yearofpub":2005},
{"isbn":"781538549-4","author":"Matthiew Pearle","genre":"Adventure|Drama|Sci-Fi|Thriller","title":"Sunshine","yearofpub":2010},
{"isbn":"102587418-8","author":"Jacob Ebbrell","genre":"Horror|Thriller","title":"[REC]³ 3 Génesis","yearofpub":2006},
{"isbn":"139153402-6","author":"Noby Kidder","genre":"Documentary","title":"My Perestroika","yearofpub":2003},
{"isbn":"841310838-1","author":"Geralda Dangerfield","genre":"Horror","title":"Children of the Corn IV: The Gathering","yearofpub":2008},
{"isbn":"700460626-0","author":"Yard Tortis","genre":"Drama","title":"I'm Gonna Explode (a.k.a. I'm Going to Explode) (Voy a explotar)","yearofpub":2009},
{"isbn":"795997657-0","author":"Tamiko De Laci","genre":"Comedy","title":"Tuvalu","yearofpub":2004},
{"isbn":"319964060-5","author":"Ian Mellhuish","genre":"Comedy","title":"Walk Like a Man","yearofpub":1994},
{"isbn":"374609632-4","author":"Dean Mylechreest","genre":"Horror|Mystery|Romance","title":"Uninvited, The","yearofpub":1998},
{"isbn":"292289064-3","author":"Jethro Robillart","genre":"Horror","title":"Messiah of Evil","yearofpub":2005},
{"isbn":"985805526-9","author":"Evy Band","genre":"Western","title":"Viva Villa!","yearofpub":1968},
{"isbn":"085401400-4","author":"Winnie Gooch","genre":"Drama|Musical|Romance","title":"Pure One (Pakeezah)","yearofpub":2002},
{"isbn":"247715400-1","author":"Cathleen Bruty","genre":"Animation|Children|Comedy","title":"Wallace & Gromit: A Close Shave","yearofpub":1999},
{"isbn":"543269357-7","author":"Jeanette Scough","genre":"Drama","title":"I Killed My Mother (J'ai tué ma mère)","yearofpub":1997},
{"isbn":"912886629-0","author":"Kienan Dyball","genre":"Drama|Mystery","title":"I've Loved You So Long (Il y a longtemps que je t'aime)","yearofpub":2006},
{"isbn":"370169643-8","author":"Boothe Shutte","genre":"Crime|Western","title":"Yellow Sky","yearofpub":1987},
{"isbn":"080096245-1","author":"Colan McCaster","genre":"Drama","title":"Question of Silence, A (De stilte rond Christine M.)","yearofpub":1995},
{"isbn":"352745882-4","author":"Noll Benedidick","genre":"Drama","title":"Fanny","yearofpub":2001},
{"isbn":"125741350-3","author":"Jason Corpe","genre":"Drama","title":"The Secret of Dr. Kildare","yearofpub":1984},
{"isbn":"797343416-X","author":"Kermit Desporte","genre":"Horror|Sci-Fi|Thriller","title":"Mimic 2","yearofpub":1991},
{"isbn":"972193902-1","author":"Jacquenette Lougheid","genre":"Action|Comedy|Crime","title":"Torrente 2: Misión Marbella","yearofpub":1988},
{"isbn":"676960744-1","author":"Allegra Middiff","genre":"Adventure|Comedy|Drama|Fantasy|Romance","title":"Click","yearofpub":2006},
{"isbn":"524361075-5","author":"Nelly Harnett","genre":"Comedy","title":"Pearls of the Deep (Perlicky na dne)","yearofpub":2001},
{"isbn":"798096862-X","author":"Izak Emmison","genre":"Comedy|Musical","title":"Bran Nue Dae","yearofpub":2008},
{"isbn":"016294117-X","author":"Berny McKernan","genre":"Drama","title":"Seventh Veil, The","yearofpub":2002},
{"isbn":"083773294-8","author":"Inesita Mountfort","genre":"Comedy","title":"Summer School","yearofpub":2003},
{"isbn":"778415153-5","author":"Lyssa Ingray","genre":"Drama","title":"Out of the Blue","yearofpub":2009},
{"isbn":"122795292-9","author":"Amaleta Keaysell","genre":"Action|Drama","title":"Zatoichi the Fugitive (Zatôichi kyôjô-tabi) (Zatôichi 4)","yearofpub":1999},
{"isbn":"369753429-7","author":"Ernesta Durnill","genre":"Comedy","title":"It's a Gift","yearofpub":2002},
{"isbn":"934590200-7","author":"Nestor Lewson","genre":"Adventure|Animation|Children|Comedy","title":"Pirates Who Don't Do Anything: A VeggieTales Movie, The","yearofpub":1996},
{"isbn":"514227860-7","author":"Wandis Godden","genre":"Action|Adventure|Animation|Fantasy","title":"Yu-Gi-Oh!","yearofpub":1986},
{"isbn":"492742302-6","author":"Odell Urpeth","genre":"Action|Adventure|Thriller","title":"Octopussy","yearofpub":2002},
{"isbn":"035253858-9","author":"Fallon Gare","genre":"Horror","title":"Maze, The","yearofpub":1999},
{"isbn":"040848580-9","author":"Bald Spaughton","genre":"Drama|Romance","title":"Summer Storm (Sommersturm)","yearofpub":2003},
{"isbn":"317495941-1","author":"Janetta MacBain","genre":"Comedy","title":"Christmas Party, The (Joulubileet)","yearofpub":1996},
{"isbn":"175493075-1","author":"Ailene Gaythor","genre":"Action","title":"Eye of the Tiger","yearofpub":1996},
{"isbn":"257623298-1","author":"Dosi Skace","genre":"Drama","title":"Service (Serbis)","yearofpub":2012},
{"isbn":"769886745-5","author":"Patrica Rudd","genre":"Horror|Sci-Fi","title":"Unearthly, The","yearofpub":2011},
{"isbn":"701538716-6","author":"Lyndsay Rummer","genre":"Action|Adventure|Comedy|Sci-Fi","title":"Land of the Lost","yearofpub":2011},
{"isbn":"894132156-5","author":"Marni Shergill","genre":"Comedy|Romance","title":"Nice Guys Sleep Alone","yearofpub":2001},
{"isbn":"038732753-3","author":"Angelico Hayne","genre":"Children|Comedy|Fantasy","title":"Mr. Magorium's Wonder Emporium","yearofpub":1995},
{"isbn":"069689814-4","author":"Dirk Boneham","genre":"Action|Thriller","title":"Big Boss, The (Fists of Fury) (Tang shan da xiong)","yearofpub":2001},
{"isbn":"080032263-0","author":"Nichole Tulk","genre":"Animation|Children|Musical|IMAX","title":"Fantasia 2000","yearofpub":2007},
{"isbn":"104124833-4","author":"Valentijn Wilstead","genre":"Documentary","title":"When We Were Kings","yearofpub":2006},
{"isbn":"164599991-2","author":"Kelsy Verbeek","genre":"Comedy","title":"All American Orgy (Cummings Farm)","yearofpub":1990},
{"isbn":"990304911-0","author":"Loy Deppen","genre":"Comedy|Western","title":"Ballad of Cable Hogue, The","yearofpub":2001},
{"isbn":"952875713-8","author":"Eldon Eite","genre":"Drama","title":"Early Summer (Bakushû)","yearofpub":2010},
{"isbn":"360791574-1","author":"Xever Linforth","genre":"Documentary|Drama","title":"Pink Saris","yearofpub":2001},
{"isbn":"007527237-7","author":"Putnam Venditti","genre":"Adventure|Drama|Sci-Fi","title":"Guest from the Future (Gostya iz buduschego)","yearofpub":1988},
{"isbn":"117668041-2","author":"Binni Niven","genre":"Drama|War","title":"Missing in America","yearofpub":2012},
{"isbn":"969695228-7","author":"Bellanca Neumann","genre":"Action|Comedy","title":"Drunken Master (Jui kuen)","yearofpub":2010},
{"isbn":"860378209-1","author":"Simonette Brunke","genre":"Action|Adventure|Comedy","title":"Nazty Nuisance","yearofpub":2008},
{"isbn":"747819093-6","author":"Ingram Ort","genre":"Mystery|Romance|Western","title":"Backlash","yearofpub":2000},
{"isbn":"181473218-7","author":"Colan Dougherty","genre":"Animation","title":"Trick or Treat","yearofpub":2005},
{"isbn":"375841901-8","author":"Hortense Delicate","genre":"Comedy","title":"Nina's Heavenly Delights","yearofpub":2006},
{"isbn":"092145483-X","author":"Phaidra Walsh","genre":"Drama","title":"Battle Hymn","yearofpub":1997},
{"isbn":"840433064-6","author":"Annabela Kuhnel","genre":"Documentary","title":"Girls Rock!","yearofpub":1986},
{"isbn":"053275542-1","author":"Augustus Palay","genre":"Comedy|Drama|War","title":"Dr. Akagi (Kanzo sensei)","yearofpub":2005},
{"isbn":"932254361-2","author":"Chicky Pautot","genre":"Drama|Sci-Fi","title":"Solyaris","yearofpub":2003},
{"isbn":"613791194-2","author":"Sheffie Bees","genre":"Crime|Drama","title":"Roberto Succo","yearofpub":2006},
{"isbn":"733789924-6","author":"Dorrie Dear","genre":"Drama","title":"Othello","yearofpub":2003},
{"isbn":"895177474-0","author":"Adelle Hourahan","genre":"Drama|Thriller","title":"Zero Hour!","yearofpub":1996},
{"isbn":"300130023-X","author":"Kristen Cricket","genre":"Action|Adventure","title":"Tarzan and the Lost City","yearofpub":2003},
{"isbn":"784615580-6","author":"Tuck Howden","genre":"Drama|Romance","title":"Mustalaishurmaaja","yearofpub":2003},
{"isbn":"919497448-9","author":"Joni Waldocke","genre":"Horror","title":"Christine","yearofpub":1998},
{"isbn":"240267404-0","author":"Esra Hethron","genre":"Comedy|Fantasy|Musical|Romance","title":"Aladin","yearofpub":2011},
{"isbn":"406740780-7","author":"Hogan O'Caine","genre":"Documentary","title":"The Last Gladiators","yearofpub":2006},
{"isbn":"973147968-6","author":"Lora Tointon","genre":"Drama|Romance","title":"Wild Grass (Herbes folles, Les)","yearofpub":2006},
{"isbn":"205415206-4","author":"Vassily Plessing","genre":"Drama","title":"Julie Johnson","yearofpub":1996},
{"isbn":"010735905-7","author":"Chery Merredy","genre":"Drama","title":"Rocky","yearofpub":2010},
{"isbn":"384868113-7","author":"Layney Baistow","genre":"Crime|Drama","title":"Swoon","yearofpub":1996},
{"isbn":"226889219-0","author":"Cesya Klyn","genre":"Comedy|Drama","title":"Riding in Cars with Boys","yearofpub":2002},
{"isbn":"866789263-7","author":"Amberly Luten","genre":"Drama","title":"Circles (Krugovi)","yearofpub":2009},
{"isbn":"161927616-X","author":"Beatrix Padillo","genre":"Action|War|Western","title":"Friend Among Strangers, Stranger Among Friends (Svoy sredi chuzhikh, chuzhoy sredi svoikh)","yearofpub":1989},
{"isbn":"091414940-7","author":"Maggi Whitehurst","genre":"Horror|Thriller","title":"13 Sins","yearofpub":1988},
{"isbn":"473508151-8","author":"Rolfe Balcombe","genre":"Comedy","title":"Little Nicky","yearofpub":2003},
{"isbn":"218175514-0","author":"Evelyn McCarty","genre":"Crime|Documentary","title":"Iceman Tapes: Conversations with a Killer, The","yearofpub":1984},
{"isbn":"290793941-6","author":"Jilli Simonite","genre":"Horror","title":"Jack-O","yearofpub":2000},
{"isbn":"004008450-7","author":"Lila Millichip","genre":"Documentary|Drama|Musical","title":"Sound of Redemption: The Frank Morgan Story","yearofpub":1995},
{"isbn":"007931122-9","author":"Ingeberg Stanworth","genre":"Comedy|Crime","title":"Oh, Heavenly Dog!","yearofpub":1994},
{"isbn":"434613957-4","author":"Giulia Sprake","genre":"Action|War","title":"Iron Eagle IV","yearofpub":2004},
{"isbn":"613557951-7","author":"Mada Gierhard","genre":"Action|Drama","title":"Big Trees, The","yearofpub":1995},
{"isbn":"095124439-6","author":"Sunshine Ranken","genre":"Crime|Drama|Mystery|Thriller","title":"Quiet, The","yearofpub":2011},
{"isbn":"282588256-9","author":"Louie Grzegorczyk","genre":"Drama","title":"Ivan the Terrible, Part Two (Ivan Groznyy II: Boyarsky zagovor)","yearofpub":2009},
{"isbn":"481984552-7","author":"Robenia Oven","genre":"Animation|Children","title":"The Butter Battle Book","yearofpub":2008},
{"isbn":"311756007-6","author":"Pammi Catlow","genre":"Comedy|Romance","title":"Seems Like Old Times","yearofpub":1994},
{"isbn":"946756211-1","author":"Richardo Greenfield","genre":"Action|Sci-Fi","title":"Scorcher","yearofpub":2003},
{"isbn":"178532133-1","author":"Konrad Sliman","genre":"Action|Thriller","title":"Most Wanted","yearofpub":1992},
{"isbn":"208924403-8","author":"Windham Sambrok","genre":"Drama","title":"Mary, Queen of Scots","yearofpub":2012},
{"isbn":"518555314-6","author":"Isidora Inold","genre":"Action|Sci-Fi|Thriller","title":"Godzilla Against MechaGodzilla (Gojira tai Mekagojira)","yearofpub":1993},
{"isbn":"698692852-1","author":"Thatch Valde","genre":"Comedy|Romance","title":"Black Coffee","yearofpub":1999},
{"isbn":"167213466-8","author":"Teri Gossling","genre":"Action|Drama|War","title":"Battle of the Warriors","yearofpub":2011},
{"isbn":"100178979-2","author":"Dottie Antusch","genre":"Drama","title":"How She Move","yearofpub":1993},
{"isbn":"593475096-8","author":"Lucho Akid","genre":"Drama|Mystery|Thriller","title":"Good Doctor, The","yearofpub":2006},
{"isbn":"122598547-1","author":"Conroy Dobrovolski","genre":"Comedy|Romance","title":"FC Venus","yearofpub":1992},
{"isbn":"630229477-0","author":"Toby Grundwater","genre":"Comedy|Drama","title":"Harry and Tonto","yearofpub":1998},
{"isbn":"295304422-1","author":"Colet McDowall","genre":"Drama","title":"Around the Bend","yearofpub":1999},
{"isbn":"392284781-1","author":"Joseito Meldrum","genre":"Adventure|Drama","title":"Sundowners, The","yearofpub":2012},
{"isbn":"325555836-0","author":"Grace Teresi","genre":"Drama","title":"Head On","yearofpub":2004},
{"isbn":"428636468-2","author":"Karin Tudor","genre":"Drama","title":"Raining Stones","yearofpub":1997},
{"isbn":"681708646-9","author":"Eolanda Langforth","genre":"Drama|Romance","title":"A Summer in St. Tropez","yearofpub":2012},
{"isbn":"722337133-1","author":"Abbi Beloe","genre":"Drama","title":"Conspirator, The","yearofpub":2012},
{"isbn":"928806088-X","author":"Lyman Smeath","genre":"Drama|Romance","title":"Sunday","yearofpub":1992},
{"isbn":"773838813-7","author":"Benoit Sirmond","genre":"Animation|Romance","title":"Garden of Words, The (Koto no ha no niwa)","yearofpub":2012},
{"isbn":"183117411-1","author":"Timmy Halladay","genre":"Action|Comedy|Horror|Sci-Fi","title":"Undead","yearofpub":2008},
{"isbn":"615381572-3","author":"Bobina Dobrowski","genre":"Horror","title":"Brood, The","yearofpub":2006},
{"isbn":"969450320-5","author":"Flss Galsworthy","genre":"Drama","title":"'night Mother","yearofpub":2006},
{"isbn":"310472927-1","author":"Anson Garner","genre":"Documentary","title":"Gable: The King Remembered","yearofpub":2008},
{"isbn":"707040161-2","author":"Margarita Roads","genre":"Action","title":"Crackerjack","yearofpub":2002},
{"isbn":"935522004-9","author":"Vivienne Peye","genre":"Action|Crime|Drama|IMAX","title":"Need for Speed","yearofpub":2003},
{"isbn":"935294448-8","author":"Tam Glaserman","genre":"Comedy|Drama|Romance","title":"Mozart and the Whale","yearofpub":2008},
{"isbn":"971154614-0","author":"Miranda Peedell","genre":"Action","title":"Shaolin Wooden Men (Shao Lin mu ren xiang)","yearofpub":1992},
{"isbn":"948662295-7","author":"Rae Blencowe","genre":"Comedy","title":"Dim Sum: A Little Bit of Heart","yearofpub":1995},
{"isbn":"820994343-X","author":"Carri Vedyasov","genre":"Crime|Drama","title":"Fun","yearofpub":2008},
{"isbn":"419525574-0","author":"Hedwig Gascone","genre":"Comedy","title":"Castle, The","yearofpub":2009},
{"isbn":"219262049-7","author":"Carmita Sainteau","genre":"Action|Drama","title":"Titanic","yearofpub":2010},
{"isbn":"417719190-6","author":"Concettina Wiffler","genre":"Action|Crime|Drama","title":"Gone in 60 Seconds","yearofpub":2001},
{"isbn":"616554088-0","author":"Ernie Bein","genre":"Documentary","title":"Water-mirror of Granada","yearofpub":1998},
{"isbn":"298070323-0","author":"Gustie Crosbie","genre":"Crime|Drama|Mystery|Thriller","title":"Archangel","yearofpub":1994},
{"isbn":"173603127-9","author":"Selie Franschini","genre":"Action|Adventure","title":"Legend of Hercules, The","yearofpub":1998},
{"isbn":"400410410-6","author":"Daisey Ozanne","genre":"Action","title":"Knock Off","yearofpub":2011},
{"isbn":"326355827-7","author":"Gussy Haw","genre":"Comedy","title":"Super Sucker","yearofpub":1992},
{"isbn":"967888993-5","author":"Alwyn Barrat","genre":"Comedy|Drama|Musical","title":"April Love","yearofpub":2008},
{"isbn":"848589161-9","author":"Gram Areles","genre":"Horror|Mystery|Thriller","title":"Ringu (Ring)","yearofpub":2006},
{"isbn":"750669046-2","author":"Leone Crosetti","genre":"Documentary","title":"American Boy: A Profile of: Steven Prince","yearofpub":1986},
{"isbn":"533924153-X","author":"Issy Kivelhan","genre":"Comedy|Drama","title":"Divine Secrets of the Ya-Ya Sisterhood","yearofpub":1995},
{"isbn":"086289112-4","author":"Mario Wallach","genre":"Crime|Drama|Horror|Thriller","title":"Road, The","yearofpub":1956},
{"isbn":"316780337-1","author":"Sharla Keats","genre":"Comedy|Drama|Romance","title":"According to Spencer","yearofpub":1996},
{"isbn":"219944573-9","author":"Cletis Sissland","genre":"Comedy|Drama","title":"Buddy","yearofpub":1997},
{"isbn":"011949223-7","author":"Margarette Bemand","genre":"Comedy|Drama|Romance","title":"Gray Matters","yearofpub":2009},
{"isbn":"313782115-0","author":"Arvy Boyett","genre":"Drama","title":"About Alex","yearofpub":2002},
{"isbn":"685372706-1","author":"Tobin Ion","genre":"Crime|Thriller","title":"Entrapment","yearofpub":2004},
{"isbn":"106996028-4","author":"Lorita Stratz","genre":"Drama|Sci-Fi|Thriller","title":"Damnation Alley","yearofpub":2003},
{"isbn":"931302131-5","author":"Jed Rapin","genre":"Adventure","title":"Bear with Me","yearofpub":2000},
{"isbn":"691033626-7","author":"Zacherie Illyes","genre":"Action|Mystery|Sci-Fi|Thriller","title":"Cloverfield","yearofpub":1986},
{"isbn":"589911210-7","author":"Merle Heak","genre":"Action|Comedy|Romance","title":"For Heaven's Sake","yearofpub":1997},
{"isbn":"721397199-9","author":"Gearalt Gerckens","genre":"Comedy|Drama","title":"Tulpan","yearofpub":2004},
{"isbn":"556441371-7","author":"Philipa Kidds","genre":"Comedy","title":"Smiley Face","yearofpub":1988},
{"isbn":"422757614-8","author":"Lexine Dargan","genre":"Action","title":"Minnie and Moskowitz","yearofpub":2009},
{"isbn":"561965118-5","author":"Maridel Myrie","genre":"Comedy|Romance","title":"Just a Gigolo","yearofpub":2010},
{"isbn":"215229041-0","author":"Kerr MacHostie","genre":"Comedy|War|Western","title":"Advance to the Rear","yearofpub":1997},
{"isbn":"149043103-9","author":"Terza Godthaab","genre":"Crime","title":"Any Number Can Win (Mélodie en sous-sol )","yearofpub":2006},
{"isbn":"485369441-2","author":"Obadiah Anfonsi","genre":"Drama","title":"Misérables, Les","yearofpub":2003},
{"isbn":"861942349-5","author":"Cornie Kordas","genre":"Comedy|Horror","title":"Chopper Chicks in Zombietown","yearofpub":1996},
{"isbn":"929363905-X","author":"Nalani Stathor","genre":"Drama","title":"Flywheel","yearofpub":1997},
{"isbn":"280331872-5","author":"Siobhan Cammish","genre":"Documentary","title":"Shadows of Liberty ","yearofpub":2009},
{"isbn":"896392789-X","author":"Florri Scherer","genre":"Drama|Romance","title":"Room in Rome (Habitación en Roma)","yearofpub":1999},
{"isbn":"419089804-X","author":"Tannie Del Monte","genre":"Comedy|Drama|Romance|War","title":"Tiger and the Snow, The (La tigre e la neve)","yearofpub":2007},
{"isbn":"003472910-0","author":"Auguste Hollingby","genre":"Documentary","title":"Confessions of a Burning Man","yearofpub":1993},
{"isbn":"844811157-5","author":"Leighton Stedall","genre":"Adventure|Animation|Children|Fantasy|Mystery|Sci-Fi","title":"An American Tail: The Mystery of the Night Monster","yearofpub":2007},
{"isbn":"575511376-9","author":"Russ Balbeck","genre":"Drama|Fantasy","title":"Boy Who Could Fly, The","yearofpub":1995},
{"isbn":"226796794-4","author":"Dorry Galiford","genre":"Drama|Horror|Thriller","title":"Funny Games","yearofpub":1992},
{"isbn":"188516072-0","author":"Andy Ewing","genre":"Drama|Romance","title":"Tuesday, After Christmas (Marti, dupa craciun)","yearofpub":1999},
{"isbn":"542546626-9","author":"Fairleigh Wickham","genre":"Animation|Children","title":"Winnie the Pooh and the Honey Tree","yearofpub":1998},
{"isbn":"700806713-5","author":"Freddie Hitzmann","genre":"Drama|Fantasy|Musical","title":"Scrooge","yearofpub":2001},
{"isbn":"466800293-3","author":"Mildred MacMoyer","genre":"Comedy","title":"Private Function, A","yearofpub":2005},
{"isbn":"610225149-0","author":"Davin Bleakman","genre":"Comedy","title":"Cactus Flower","yearofpub":1969},
{"isbn":"886694519-6","author":"Michael Kubica","genre":"Comedy|Crime","title":"Cadillac Man","yearofpub":2008},
{"isbn":"516667385-9","author":"Zebedee Edyson","genre":"Comedy|Documentary","title":"About Face: Supermodels Then and Now","yearofpub":2004},
{"isbn":"114787035-7","author":"Svend Skerm","genre":"Comedy|Drama","title":"Choke","yearofpub":1993},
{"isbn":"905188564-4","author":"Tore McNulty","genre":"Action|Crime|Thriller","title":"Bourne Ultimatum, The","yearofpub":1997},
{"isbn":"119764695-7","author":"Tynan Tash","genre":"Comedy|Romance","title":"Where Is Fred!? (Wo ist Fred?)","yearofpub":1996},
{"isbn":"508786326-4","author":"Onofredo Snooks","genre":"Adventure|Sci-Fi|Thriller","title":"Last Days, The (Últimos días, Los)","yearofpub":2006},
{"isbn":"846649918-0","author":"Abigail Dyneley","genre":"Documentary","title":"Blackfish","yearofpub":1993},
{"isbn":"458648705-4","author":"Trudie Skeggs","genre":"Comedy|Romance","title":"Listy do M.","yearofpub":1981},
{"isbn":"778704075-0","author":"Ty Batter","genre":"Animation|Fantasy","title":"Mei and the Kittenbus","yearofpub":1994},
{"isbn":"824954364-5","author":"Rebeka Blunden","genre":"Crime|Drama|Sci-Fi|Thriller","title":"Clockwork Orange, A","yearofpub":2005},
{"isbn":"084906899-1","author":"Tasha Rockell","genre":"Thriller","title":"Stranger Within, The","yearofpub":1999},
{"isbn":"408938942-9","author":"Dell Westphalen","genre":"Comedy|Drama","title":"Heartbeats (Kohtaamisia)","yearofpub":2009},
{"isbn":"130297467-X","author":"Yvon Dobbin","genre":"Drama","title":"Post Mortem","yearofpub":2004},
{"isbn":"868946095-0","author":"Richard Turland","genre":"Animation|Comedy|Fantasy|Musical|Romance","title":"Corpse Bride","yearofpub":1995},
{"isbn":"705160632-8","author":"Raye Stonelake","genre":"Drama|Mystery","title":"I've Loved You So Long (Il y a longtemps que je t'aime)","yearofpub":2003},
{"isbn":"478184954-7","author":"Franz Angear","genre":"Comedy|Drama","title":"There Goes My Baby","yearofpub":1993},
{"isbn":"774362031-X","author":"Tully Spear","genre":"Drama","title":"Mon oncle d'Amérique","yearofpub":1996},
{"isbn":"537264518-0","author":"Sheree Ludy","genre":"Adventure|Crime|Drama|Romance|Thriller","title":"Soldier of Fortune","yearofpub":2011},
{"isbn":"921310219-4","author":"Merrill Kelf","genre":"Comedy|Documentary","title":"Puppetry of the Penis: Live at the Forum (Puppetry of the Penis: The Ancient Art of Genital Origami)","yearofpub":1990},
{"isbn":"016465821-1","author":"Yard MacCleod","genre":"Comedy|Crime|Drama","title":"Jimmy Hollywood","yearofpub":1992},
{"isbn":"229571314-5","author":"Garrard Peniman","genre":"Musical","title":"Anything Goes","yearofpub":2001},
{"isbn":"352697553-1","author":"Torey Menear","genre":"Drama|Mystery|Thriller","title":"Motel Life, The","yearofpub":2012},
{"isbn":"365072842-7","author":"Brody Pache","genre":"Drama","title":"Milk of Sorrow, The (Teta asustada, La)","yearofpub":2001},
{"isbn":"555831384-6","author":"James Casassa","genre":"Comedy|Romance","title":"Deliver Us from Eva","yearofpub":2005},
{"isbn":"160719272-1","author":"Ralina Giannasi","genre":"Drama|Thriller","title":"Absent (Ausente)","yearofpub":1996},
{"isbn":"553656016-6","author":"Veriee Reville","genre":"Comedy|Drama|Musical","title":"Sapphires, The","yearofpub":1971},
{"isbn":"872405213-2","author":"Rebeka Hinrich","genre":"Documentary","title":"Giger's Necronomicon","yearofpub":2013},
{"isbn":"854780649-0","author":"Jenine Blackborne","genre":"Comedy|Crime","title":"Scorched","yearofpub":2009},
{"isbn":"027184056-0","author":"Martyn D'Aeth","genre":"Crime|Drama|Mystery","title":"Kill a Rat","yearofpub":1992},
{"isbn":"271133809-6","author":"Shani Janssen","genre":"Action|Adventure|Sci-Fi","title":"Mutant Chronicles","yearofpub":1998},
{"isbn":"680632039-2","author":"Nanni Alfwy","genre":"Horror|Thriller","title":"Sublime","yearofpub":1992},
{"isbn":"285623766-5","author":"Aili Gouda","genre":"Horror","title":"Grave Encounters 2","yearofpub":2007},
{"isbn":"254406848-5","author":"Kaela Dilnot","genre":"Drama","title":"99 Homes","yearofpub":1992},
{"isbn":"286783716-2","author":"Vi Druery","genre":"Action|Adventure|Drama|Romance|War","title":"Arn: The Knight Templar (Arn - Tempelriddaren)","yearofpub":1997},
{"isbn":"160731022-8","author":"Broddy Wilsey","genre":"Action|Crime|Thriller","title":"6 Bullets","yearofpub":1995},
{"isbn":"956741926-4","author":"Hartwell Ouver","genre":"Comedy|Drama","title":"Tinpis Run","yearofpub":2005},
{"isbn":"110476518-7","author":"Web Edinborough","genre":"Action|Adventure|Fantasy|IMAX","title":"Harry Potter and the Deathly Hallows: Part 1","yearofpub":1997},
{"isbn":"252929278-7","author":"Dorice Sherwill","genre":"Documentary","title":"Toute la mémoire du monde","yearofpub":2006},
{"isbn":"897437098-0","author":"Galvin Wombwell","genre":"Comedy|Documentary","title":"Wanda Sykes: Sick and Tired","yearofpub":2003},
{"isbn":"630811477-4","author":"Modesty Kernar","genre":"Comedy","title":"Experts, The","yearofpub":1991},
{"isbn":"490302652-3","author":"Bryna Peppard","genre":"Drama|Romance","title":"Walk on the Moon, A","yearofpub":2010},
{"isbn":"699595047-X","author":"Garth Knutsen","genre":"Thriller","title":"Sliver","yearofpub":1968},
{"isbn":"674726226-3","author":"Drucill Greenin","genre":"Adventure|Children","title":"Tom and Huck","yearofpub":1999},
{"isbn":"489628424-0","author":"Emmie Townley","genre":"Documentary|Drama","title":"Life According to Sam","yearofpub":1991},
{"isbn":"695768378-8","author":"Kristel Mattusevich","genre":"Drama|Romance","title":"Lonely Passion of Judith Hearne, The","yearofpub":2010},
{"isbn":"571688781-3","author":"Valentijn Whitsun","genre":"Musical|Romance","title":"Flirtation Walk","yearofpub":2004},
{"isbn":"197472880-3","author":"Brose Van Arsdalen","genre":"Comedy|Documentary","title":"Kids in the Hall: Same Guys, New Dresses","yearofpub":2005},
{"isbn":"752296616-7","author":"Lory Chipman","genre":"Documentary","title":"Morning of the Earth","yearofpub":2004},
{"isbn":"289914360-3","author":"Claretta Probert","genre":"Comedy|Drama","title":"Salome's Last Dance","yearofpub":1992},
{"isbn":"952226602-7","author":"Arlana Martinho","genre":"Drama","title":"Acla, The Descent into Floristella (La discesa di Aclà a Floristella)","yearofpub":1989},
{"isbn":"844910317-7","author":"Nelia Wisden","genre":"Action|Drama|Romance|Western","title":"Stagecoach","yearofpub":2000},
{"isbn":"452086554-9","author":"Worthy Bridgnell","genre":"Adventure|Documentary","title":"Art of Flight, The","yearofpub":1991},
{"isbn":"717306484-8","author":"Livvy Hatliff","genre":"Crime|Drama|Thriller","title":"By the Gun","yearofpub":1985},
{"isbn":"799245721-8","author":"Danie Yule","genre":"Action|Comedy","title":"The Big Bus","yearofpub":1999},
{"isbn":"779328580-8","author":"Hewe Robillard","genre":"Drama","title":"Off the Black","yearofpub":2010},
{"isbn":"136969393-1","author":"Julienne Bedford","genre":"Sci-Fi","title":"Santa Claus","yearofpub":2007},
{"isbn":"118095065-8","author":"Trudy Loblie","genre":"Action|Drama|Mystery|Sci-Fi","title":"Branded","yearofpub":2000},
{"isbn":"173175934-7","author":"Moyra Beekmann","genre":"Drama","title":"Brothers (Brødre)","yearofpub":2010},
{"isbn":"236314559-3","author":"Bettye Tick","genre":"Action|Comedy|Horror","title":"Bowery at Midnight","yearofpub":1992},
{"isbn":"173022216-1","author":"Gert Roblou","genre":"Drama|War","title":"Come and See (Idi i smotri)","yearofpub":1992},
{"isbn":"940391520-X","author":"Louis Bonnier","genre":"Romance","title":"Leading Man, The","yearofpub":2002},
{"isbn":"488829266-3","author":"Christopher Townson","genre":"Adventure|Crime|Thriller","title":"Lonely Place to Die, A","yearofpub":2006},
{"isbn":"295592980-8","author":"Janetta Hayers","genre":"Comedy|Fantasy|Romance","title":"Wilder Napalm","yearofpub":2012},
{"isbn":"100552929-9","author":"Bernardina MacDonough","genre":"Drama|Thriller","title":"Animal Room","yearofpub":1988},
{"isbn":"094217848-3","author":"Lucky Brouwer","genre":"Horror","title":"Deadtime Stories","yearofpub":2007},
{"isbn":"734245989-5","author":"Brewster Micheau","genre":"Drama|Romance","title":"Little Women","yearofpub":1996},
{"isbn":"502352711-5","author":"Ferdinanda Swindley","genre":"Drama","title":"Little Man Tate","yearofpub":1996},
{"isbn":"603794341-9","author":"Maury Coviello","genre":"Documentary","title":"London - The Modern Babylon ","yearofpub":2005},
{"isbn":"580944046-0","author":"Myrlene Donan","genre":"Comedy","title":"Pest, The","yearofpub":2005},
{"isbn":"176114526-6","author":"Grace Owttrim","genre":"Documentary","title":"Tesla: Master of Lightning","yearofpub":1989},
{"isbn":"277072678-1","author":"Nehemiah Brickhill","genre":"Documentary","title":"La Soufrière - Warten auf eine unausweichliche Katastrophe","yearofpub":2005},
{"isbn":"473328609-0","author":"Therine Gaffey","genre":"(no genres listed)","title":"Hunted City","yearofpub":1998},
{"isbn":"395866106-8","author":"Rabbi Ferson","genre":"Adventure|Western","title":"Face to Face (Faccia a faccia)","yearofpub":1992},
{"isbn":"786754692-8","author":"Gayleen Duffin","genre":"Comedy","title":"Life of Reilly, The","yearofpub":2006},
{"isbn":"062587971-6","author":"Raychel Lander","genre":"Comedy|Drama|Romance","title":"Something Borrowed","yearofpub":2011},
{"isbn":"077688722-X","author":"Nara Gipson","genre":"Drama","title":"Arrowsmith","yearofpub":2007},
{"isbn":"470985874-8","author":"Kit Flucker","genre":"Drama","title":"Acts of Worship ","yearofpub":2006},
{"isbn":"720398792-2","author":"Truda Vernau","genre":"Drama|Romance|War","title":"Resistance","yearofpub":1986},
{"isbn":"920893956-1","author":"Nell Gemmell","genre":"Documentary","title":"Great Happiness Space, The: Tale of an Osaka Love Thief","yearofpub":1997},
{"isbn":"277302104-5","author":"Torin Laughnan","genre":"Animation","title":"Monkey's Teeth (Dents du singe, Les)","yearofpub":2008},
{"isbn":"461168107-6","author":"Gracie Larvent","genre":"Thriller","title":"13","yearofpub":1998},
{"isbn":"098115454-9","author":"Winnie Vorley","genre":"Drama|Thriller","title":"Statement, The","yearofpub":1989},
{"isbn":"355770131-X","author":"Viva Bishopp","genre":"Drama|Romance","title":"One Way Passage","yearofpub":1994},
{"isbn":"027496869-X","author":"Anatol Chart","genre":"Drama","title":"Sparrows","yearofpub":2003},
{"isbn":"872489271-8","author":"Alysa Kornilyev","genre":"Comedy|Drama","title":"Soldier in the Rain","yearofpub":1994},
{"isbn":"726364746-X","author":"Pasquale Abelwhite","genre":"Comedy|Drama|Romance","title":"And So It Goes","yearofpub":2008},
{"isbn":"749428714-0","author":"Merrily Sallery","genre":"Drama","title":"Partners: The Movie II (Aibô: Gekijô-ban II)","yearofpub":1988},
{"isbn":"018090800-6","author":"Collie Bredbury","genre":"Documentary","title":"Mother Dao, the Turtlelike (Moeder Dao, de schildpadgelijkende)","yearofpub":2000},
{"isbn":"116347809-1","author":"Alana Jerdein","genre":"Thriller","title":"River Murders, The","yearofpub":1993},
{"isbn":"942242559-X","author":"Deidre Moorhead","genre":"Drama","title":"Last Rites of Joe May, The","yearofpub":1994},
{"isbn":"192888260-9","author":"Alta Pyrke","genre":"Comedy","title":"Get Crazy","yearofpub":2012},
{"isbn":"318631987-0","author":"Erie Rahill","genre":"Documentary","title":"Urgh! A Music War","yearofpub":2009},
{"isbn":"189742956-8","author":"Nola Mallord","genre":"Drama|Fantasy|Musical|Mystery|Sci-Fi","title":"Holy Motors","yearofpub":1998},
{"isbn":"549377056-3","author":"Mickey Root","genre":"Comedy|Drama","title":"Adventures of Priscilla, Queen of the Desert, The","yearofpub":2012},
{"isbn":"119260640-X","author":"Mel Albrooke","genre":"Documentary","title":"Eyes of the Mothman","yearofpub":2006},
{"isbn":"260984268-6","author":"Lisbeth Seivertsen","genre":"Sci-Fi","title":"Noah's Arc Principle, The (Arche Noah Prinzip, Das)","yearofpub":1993},
{"isbn":"334529136-3","author":"Samara Brizell","genre":"Documentary","title":"Bigger, Stronger, Faster*","yearofpub":1993},
{"isbn":"085569476-9","author":"Penn Poolton","genre":"Comedy|Drama|Romance","title":"Jersey Girl","yearofpub":2012},
{"isbn":"936511163-3","author":"Idette Scholfield","genre":"Action|Horror|Sci-Fi","title":"Mega Python vs. Gatoroid","yearofpub":1990},
{"isbn":"759070067-3","author":"Deanna Lamartine","genre":"Crime|Drama|Thriller","title":"Female Convict Scorpion: Jailhouse 41 (Joshuu sasori: Dai-41 zakkyo-bô)","yearofpub":2002},
{"isbn":"472018813-3","author":"Catrina Hakes","genre":"Comedy|Sci-Fi","title":"Mom and Dad Save the World","yearofpub":1999},
{"isbn":"807982856-3","author":"Joli Gotmann","genre":"Drama","title":"Song to Remember, A","yearofpub":2012},
{"isbn":"701036203-3","author":"Ariana Dullingham","genre":"Comedy","title":"Nina's Heavenly Delights","yearofpub":1995},
{"isbn":"707908489-X","author":"Abbot Iacavone","genre":"Comedy|Drama|Romance","title":"Wilbur Wants to Kill Himself","yearofpub":2004},
{"isbn":"315292911-0","author":"Sergeant Dumphrey","genre":"Comedy|Western","title":"Rooster Cogburn","yearofpub":2004},
{"isbn":"410804058-9","author":"Isabel Leverage","genre":"Adventure|Children|Drama","title":"Liar's Dice","yearofpub":1995},
{"isbn":"655266895-3","author":"Daniella Gogarty","genre":"Drama|Thriller","title":"Cold in July","yearofpub":1993},
{"isbn":"316775767-1","author":"Windham Bleckly","genre":"Drama|Romance","title":"Radio Inside","yearofpub":1989},
{"isbn":"288300233-9","author":"Virgie Winship","genre":"Action|Drama","title":"Sirocco","yearofpub":2004},
{"isbn":"122499523-6","author":"Nadiya Borgne","genre":"Comedy|Documentary","title":"This Filthy World","yearofpub":1967},
{"isbn":"374382060-9","author":"Zaria Martinie","genre":"Drama","title":"Dead, The","yearofpub":2011},
{"isbn":"509427769-3","author":"Caren Brower","genre":"Adventure|Horror|Sci-Fi","title":"Mask of Fu Manchu, The","yearofpub":2006},
{"isbn":"739142213-4","author":"Gordie Chestle","genre":"Action|Adventure|Drama","title":"Wake of the Red Witch","yearofpub":1997},
{"isbn":"390793305-2","author":"Giustina Sailer","genre":"Drama","title":"City of Men (Cidade dos Homens)","yearofpub":2009},
{"isbn":"089272697-0","author":"Danny Albon","genre":"Crime|Drama|Thriller","title":"Blood Ties","yearofpub":1993},
{"isbn":"118392386-4","author":"Rick Belford","genre":"Drama","title":"Winslow Boy, The","yearofpub":1995},
{"isbn":"489897489-9","author":"Fey Smart","genre":"Action|Adventure|Thriller","title":"2010: Moby Dick","yearofpub":1987},
{"isbn":"321478376-9","author":"Benson Woonton","genre":"Drama|Western","title":"Antonio das Mortes (O Dragão da Maldade contra o Santo Guerreiro)","yearofpub":2005},
{"isbn":"902031066-6","author":"Lianna Hamblen","genre":"Action|Horror|Sci-Fi","title":"28 Days Later","yearofpub":2013},
{"isbn":"505739088-0","author":"Brockie Blaine","genre":"Documentary","title":"Wonderful, Horrible Life of Leni Riefenstahl, The (Macht der Bilder: Leni Riefenstahl, Die)","yearofpub":2001},
{"isbn":"512144108-8","author":"Aura Caudle","genre":"Comedy|Horror","title":"Abbott and Costello Meet the Mummy","yearofpub":2009},
{"isbn":"233926438-3","author":"Shannen Kinworthy","genre":"Comedy|Horror","title":"Basket Case 2","yearofpub":1966},
{"isbn":"280515549-1","author":"Gard Millis","genre":"Action","title":"Steel","yearofpub":2007},
{"isbn":"116574902-5","author":"Cloris Bagger","genre":"Drama","title":"October Sky","yearofpub":1987},
{"isbn":"091115759-X","author":"Hester Ades","genre":"Drama","title":"Clown and the Kid, The","yearofpub":1993},
{"isbn":"276260028-6","author":"Amelina Spark","genre":"Drama","title":"Quiet as a Mouse (Muxmäuschenstill)","yearofpub":2009},
{"isbn":"846256539-1","author":"Gennie Glanders","genre":"Comedy","title":"Ladies Man, The","yearofpub":2000},
{"isbn":"360423641-X","author":"Claiborn Trevain","genre":"Action|Adventure|Fantasy|Horror|Romance","title":"Chinese Ghost Story II, A (Sien nui yau wan II yan gaan do)","yearofpub":2010},
{"isbn":"673423572-6","author":"Fayette Mathias","genre":"Action|Crime|Thriller","title":"Batman","yearofpub":2006},
{"isbn":"901595261-2","author":"Renate Mixon","genre":"Drama|Film-Noir","title":"Born to Be Bad","yearofpub":1993},
{"isbn":"889210649-X","author":"Phillipe Oldham","genre":"Action|Adventure|Fantasy|Horror","title":"Web of Death, The","yearofpub":2001},
{"isbn":"475884773-8","author":"Luisa Meagh","genre":"Crime|Drama|Thriller","title":"Killing Them Softly","yearofpub":2007},
{"isbn":"706856789-4","author":"Heida Di Biasio","genre":"Action|Adventure|Fantasy|Sci-Fi|Thriller","title":"Megiddo: The Omega Code 2","yearofpub":2001},
{"isbn":"531594762-9","author":"Kerwinn Loadwick","genre":"Drama","title":"Where East Is East","yearofpub":2012},
{"isbn":"837803167-5","author":"Tally Ledward","genre":"Drama|Romance","title":"Endless Love","yearofpub":2005},
{"isbn":"833457628-5","author":"Greg Andriesse","genre":"Comedy|Drama","title":"Little Miss Marker","yearofpub":1992},
{"isbn":"684265368-1","author":"Zondra Ladbrook","genre":"Documentary|Musical|War","title":"Heavy Metal in Baghdad","yearofpub":1985},
{"isbn":"403942626-6","author":"Mariellen Milner","genre":"Comedy|Fantasy","title":"Didier","yearofpub":2001},
{"isbn":"194883800-1","author":"Patin Yellowlees","genre":"Drama|Fantasy|Romance|Thriller","title":"Franklyn","yearofpub":1998},
{"isbn":"446024644-9","author":"Kelsey Simnell","genre":"Action|Sci-Fi|Thriller","title":"Nemesis 2: Nebula","yearofpub":2007},
{"isbn":"228009737-0","author":"Jennette Hutton","genre":"Drama","title":"Gridiron Gang","yearofpub":2006},
{"isbn":"395766271-0","author":"Johnny Sedgeworth","genre":"Mystery|Thriller","title":"Body Double","yearofpub":2011},
{"isbn":"258740037-6","author":"Waylan Marlow","genre":"Drama|Romance|War","title":"English Patient, The","yearofpub":2006},
{"isbn":"798762646-5","author":"Alvinia Tomlett","genre":"Crime|Drama|Film-Noir|Thriller","title":"Bewitched (Alter Ego)","yearofpub":2002},
{"isbn":"373804449-3","author":"Pryce Augie","genre":"Adventure|Animation|Children|Fantasy|Musical","title":"Quest for a Heart (Röllin sydän)","yearofpub":1991},
{"isbn":"963400975-1","author":"Selby Woodyatt","genre":"Drama","title":"Forest (Rengeteg)","yearofpub":1967},
{"isbn":"619118479-4","author":"Miltie Erley","genre":"Documentary","title":"Crazy Love","yearofpub":1994},
{"isbn":"566262296-5","author":"Reagen Delahunty","genre":"Drama","title":"August","yearofpub":1995},
{"isbn":"838496073-9","author":"Marty Fleet","genre":"Drama","title":"Mother of Mine (Äideistä parhain)","yearofpub":2010},
{"isbn":"032908688-X","author":"Lorry Canner","genre":"Horror","title":"Pet Sematary","yearofpub":1994},
{"isbn":"042986743-3","author":"Shirley Purdy","genre":"Comedy|Drama|Romance","title":"Good Year, A","yearofpub":2003},
{"isbn":"729752769-6","author":"Rennie Dwelly","genre":"Documentary","title":"All Watched Over by Machines of Loving Grace","yearofpub":1993},
{"isbn":"951234408-4","author":"Nike Ellin","genre":"Comedy|Drama|Romance","title":"Magic in the Moonlight","yearofpub":2008},
{"isbn":"666913101-1","author":"Clerkclaude Jenicke","genre":"Drama|Horror|Mystery|Thriller","title":"Cry_Wolf (a.k.a. Cry Wolf)","yearofpub":2005},
{"isbn":"446046640-6","author":"Margareta Ghost","genre":"Mystery","title":"Sandglass, The (Sanatorium pod klepsydra)","yearofpub":2011},
{"isbn":"789248587-2","author":"Lyda Klimov","genre":"Crime|Drama","title":"Place Beyond the Pines, The","yearofpub":2003},
{"isbn":"537868341-6","author":"Jenna O'Scannill","genre":"Drama|Romance","title":"Ten North Frederick","yearofpub":1994},
{"isbn":"710484831-2","author":"Frants Ciepluch","genre":"Comedy|Drama","title":"Los Marziano","yearofpub":2010},
{"isbn":"870954562-X","author":"Berkeley Corre","genre":"Comedy|Drama|War","title":"Toast of New York, The","yearofpub":1993},
{"isbn":"771202868-0","author":"Louisette Olley","genre":"Drama|Romance","title":"Four Nights of a Dreamer (Quatre nuits d'un rêveur)","yearofpub":2000},
{"isbn":"721187960-2","author":"Renie Beyer","genre":"Horror|Thriller","title":"Dracula A.D. 1972","yearofpub":2009}]